Order,Weight
0.0,0.21789033710956573
1.0,0.21893930435180664
2.0,0.2191261649131775
3.0,0.21928416192531586
4.0,0.12476003170013428
